Am,AQY,Rd,timepoint
1.997395036905112,0.009065760353702839,0.27557457739417757,timepoint1
