colony_id,Am,AQY,Rd,Ik,Ic
POC-PI,2.8461812333324574,0.02292685636057285,1.1799174060699593,124.14180071486011,56.55298850870208
